<?xml version="1.0" encoding="utf-8" standalone="yes"?>
<rss version="2.0" xmlns:atom="http://www.w3.org/2005/Atom">
  <channel>
    <title>Author on DEN&#39;S NOTE</title>
    <link>http://www.964813.xyz/author/</link>
    <description>Recent content in Author on DEN&#39;S NOTE</description>
    <generator>Hugo -- gohugo.io</generator>
    <copyright> 小登纪  | &lt;a href=http://www.964813.xyz/sitemap.xml&gt;网站地图&lt;/a&gt; | &lt;a href=mailto:lmg_bit@163.com&gt;给我邮件&lt;/a&gt; | &lt;a href=http://www.964813.xyz/index.xml&gt;RSS&lt;/a&gt;</copyright>
    <lastBuildDate>Thu, 27 Feb 2020 13:16:48 -0800</lastBuildDate>
    
	<atom:link href="http://www.964813.xyz/author/index.xml" rel="self" type="application/rss+xml" />
    
    
    <item>
      <title>dan</title>
      <link>http://www.964813.xyz/author/dan/</link>
      <pubDate>Thu, 27 Feb 2020 13:16:48 -0800</pubDate>
      
      <guid>http://www.964813.xyz/author/dan/</guid>
      <description></description>
    </item>
    
    <item>
      <title>CC</title>
      <link>http://www.964813.xyz/author/cc/</link>
      <pubDate>Tue, 18 Feb 2020 16:01:23 +0800</pubDate>
      
      <guid>http://www.964813.xyz/author/cc/</guid>
      <description></description>
    </item>
    
    <item>
      <title>Murray Bourne</title>
      <link>http://www.964813.xyz/author/murray-bourne/</link>
      <pubDate>Mon, 04 Mar 2019 16:01:23 +0800</pubDate>
      
      <guid>http://www.964813.xyz/author/murray-bourne/</guid>
      <description></description>
    </item>
    
    <item>
      <title>xianmin</title>
      <link>http://www.964813.xyz/author/xianmin/</link>
      <pubDate>Thu, 01 Mar 2018 16:01:23 +0800</pubDate>
      
      <guid>http://www.964813.xyz/author/xianmin/</guid>
      <description></description>
    </item>
    
    <item>
      <title>Typora</title>
      <link>http://www.964813.xyz/author/typora/</link>
      <pubDate>Mon, 01 Jan 2018 16:01:23 +0800</pubDate>
      
      <guid>http://www.964813.xyz/author/typora/</guid>
      <description></description>
    </item>
    
    <item>
      <title>Michael Henderson</title>
      <link>http://www.964813.xyz/author/michael-henderson/</link>
      <pubDate>Thu, 31 Aug 2017 15:43:48 +0800</pubDate>
      
      <guid>http://www.964813.xyz/author/michael-henderson/</guid>
      <description></description>
    </item>
    
    <item>
      <title>ted</title>
      <link>http://www.964813.xyz/author/ted/</link>
      <pubDate>Wed, 30 Aug 2017 15:43:48 +0800</pubDate>
      
      <guid>http://www.964813.xyz/author/ted/</guid>
      <description></description>
    </item>
    
  </channel>
</rss>