<?xml version="1.0" encoding="utf-8" standalone="yes"?>
<rss version="2.0" xmlns:atom="http://www.w3.org/2005/Atom">
  <channel>
    <title>index on 小登笔记</title>
    <link>http://www.964813.xyz/zh-cn/categories/index/</link>
    <description>Recent content in index on 小登笔记</description>
    <generator>Hugo -- gohugo.io</generator>
    <copyright> 小登纪  | &lt;a href=http://www.964813.xyz/sitemap.xml&gt;网站地图&lt;/a&gt; | &lt;a href=mailto:lmg_bit@163.com&gt;给我邮件&lt;/a&gt; | &lt;a href=http://www.964813.xyz/index.xml&gt;RSS&lt;/a&gt;</copyright>
    <lastBuildDate>Tue, 06 Mar 2018 16:01:23 +0800</lastBuildDate>
    
	<atom:link href="http://www.964813.xyz/zh-cn/categories/index/index.xml" rel="self" type="application/rss+xml" />
    
    
    <item>
      <title>gallery1图片测试</title>
      <link>http://www.964813.xyz/zh-cn/post/gallery1/</link>
      <pubDate>Tue, 06 Mar 2018 16:01:23 +0800</pubDate>
      
      <guid>http://www.964813.xyz/zh-cn/post/gallery1/</guid>
      <description>主题预览,内容有待填充。 1 0fd56fa2 Mmexport1531741953691</description>
    </item>
    
    <item>
      <title>Jane Theme Preview主题预览</title>
      <link>http://www.964813.xyz/zh-cn/post/jane-theme-preview/</link>
      <pubDate>Tue, 06 Mar 2018 16:01:23 +0800</pubDate>
      
      <guid>http://www.964813.xyz/zh-cn/post/jane-theme-preview/</guid>
      <description>主题预览,内容有待填充。</description>
    </item>
    
  </channel>
</rss>