<?xml version="1.0" encoding="utf-8" standalone="yes"?>
<rss version="2.0" xmlns:atom="http://www.w3.org/2005/Atom">
  <channel>
    <title>knowledge on 小登笔记</title>
    <link>http://www.964813.xyz/zh-cn/tags/knowledge/</link>
    <description>Recent content in knowledge on 小登笔记</description>
    <generator>Hugo -- gohugo.io</generator>
    <copyright> 小登纪  | &lt;a href=http://www.964813.xyz/sitemap.xml&gt;网站地图&lt;/a&gt; | &lt;a href=mailto:lmg_bit@163.com&gt;给我邮件&lt;/a&gt; | &lt;a href=http://www.964813.xyz/index.xml&gt;RSS&lt;/a&gt;</copyright>
    <lastBuildDate>Thu, 23 Jan 2020 13:16:48 -0800</lastBuildDate>
    
	<atom:link href="http://www.964813.xyz/zh-cn/tags/knowledge/index.xml" rel="self" type="application/rss+xml" />
    
    
    <item>
      <title>要封城了，提前买点什么</title>
      <link>http://www.964813.xyz/zh-cn/post/closecitybuy/</link>
      <pubDate>Thu, 23 Jan 2020 13:16:48 -0800</pubDate>
      
      <guid>http://www.964813.xyz/zh-cn/post/closecitybuy/</guid>
      <description>要封城了，提前买点什么 口罩 面包 方便面、挂面 纸巾 纯净水 油、盐 蔬菜、猪肉、鸡蛋及鱼类</description>
    </item>
    
  </channel>
</rss>