<?xml version="1.0" encoding="utf-8" standalone="yes"?>
<rss version="2.0" xmlns:atom="http://www.w3.org/2005/Atom">
  <channel>
    <title>CC on DEN&#39;S NOTE</title>
    <link>http://www.964813.xyz/author/cc/</link>
    <description>Recent content in CC on DEN&#39;S NOTE</description>
    <generator>Hugo -- gohugo.io</generator>
    <copyright> 小登纪  | &lt;a href=http://www.964813.xyz/sitemap.xml&gt;网站地图&lt;/a&gt; | &lt;a href=mailto:lmg_bit@163.com&gt;给我邮件&lt;/a&gt; | &lt;a href=http://www.964813.xyz/index.xml&gt;RSS&lt;/a&gt;</copyright>
    <lastBuildDate>Tue, 18 Feb 2020 16:01:23 +0800</lastBuildDate>
    
	<atom:link href="http://www.964813.xyz/author/cc/index.xml" rel="self" type="application/rss+xml" />
    
    
    <item>
      <title>COPYRIGHT</title>
      <link>http://www.964813.xyz/post/copyright/</link>
      <pubDate>Tue, 18 Feb 2020 16:01:23 +0800</pubDate>
      
      <guid>http://www.964813.xyz/post/copyright/</guid>
      <description>Attribution-NonCommercial-NoDerivatives 4.0 International (CC BY-NC-ND 4.0) This is a human-readable summary of (and not a substitute for) the license. Disclaimer. You are free to: Share — copy and redistribute the material in any medium or format The licensor cannot revoke these freedoms as long as you follow the license terms. Under the following terms: Attribution — You must give appropriate credit, provide a link to the license, and indicate if</description>
    </item>
    
  </channel>
</rss>