<?xml version="1.0" encoding="utf-8" standalone="yes"?>
<rss version="2.0" xmlns:atom="http://www.w3.org/2005/Atom">
  <channel>
    <title>Author on 小登笔记</title>
    <link>http://www.964813.xyz/zh-cn/author/</link>
    <description>Recent content in Author on 小登笔记</description>
    <generator>Hugo -- gohugo.io</generator>
    <copyright> 小登纪  | &lt;a href=http://www.964813.xyz/sitemap.xml&gt;网站地图&lt;/a&gt; | &lt;a href=mailto:lmg_bit@163.com&gt;给我邮件&lt;/a&gt; | &lt;a href=http://www.964813.xyz/index.xml&gt;RSS&lt;/a&gt;</copyright>
    <lastBuildDate>Fri, 21 Feb 2020 13:16:48 -0800</lastBuildDate>
    
	<atom:link href="http://www.964813.xyz/zh-cn/author/index.xml" rel="self" type="application/rss+xml" />
    
    
    <item>
      <title>dan</title>
      <link>http://www.964813.xyz/zh-cn/author/dan/</link>
      <pubDate>Fri, 21 Feb 2020 13:16:48 -0800</pubDate>
      
      <guid>http://www.964813.xyz/zh-cn/author/dan/</guid>
      <description></description>
    </item>
    
    <item>
      <title>李元</title>
      <link>http://www.964813.xyz/zh-cn/author/%E6%9D%8E%E5%85%83/</link>
      <pubDate>Tue, 18 Feb 2020 13:16:48 -0800</pubDate>
      
      <guid>http://www.964813.xyz/zh-cn/author/%E6%9D%8E%E5%85%83/</guid>
      <description></description>
    </item>
    
    <item>
      <title>Typora</title>
      <link>http://www.964813.xyz/zh-cn/author/typora/</link>
      <pubDate>Tue, 06 Mar 2018 16:01:23 +0800</pubDate>
      
      <guid>http://www.964813.xyz/zh-cn/author/typora/</guid>
      <description></description>
    </item>
    
  </channel>
</rss>