<?xml version="1.0" encoding="utf-8" standalone="yes"?>
<rss version="2.0" xmlns:atom="http://www.w3.org/2005/Atom">
  <channel>
    <title>xianmin on DEN&#39;S NOTE</title>
    <link>http://www.964813.xyz/author/xianmin/</link>
    <description>Recent content in xianmin on DEN&#39;S NOTE</description>
    <generator>Hugo -- gohugo.io</generator>
    <copyright> 小登纪  | &lt;a href=http://www.964813.xyz/sitemap.xml&gt;网站地图&lt;/a&gt; | &lt;a href=mailto:lmg_bit@163.com&gt;给我邮件&lt;/a&gt; | &lt;a href=http://www.964813.xyz/index.xml&gt;RSS&lt;/a&gt;</copyright>
    <lastBuildDate>Thu, 01 Mar 2018 16:01:23 +0800</lastBuildDate>
    
	<atom:link href="http://www.964813.xyz/author/xianmin/index.xml" rel="self" type="application/rss+xml" />
    
    
    <item>
      <title>Jane-Theme Footnote Preview</title>
      <link>http://www.964813.xyz/post/doc-footnote-preview/</link>
      <pubDate>Thu, 01 Mar 2018 16:01:23 +0800</pubDate>
      
      <guid>http://www.964813.xyz/post/doc-footnote-preview/</guid>
      <description>&lt;p&gt;Hugo-theme-jane optimized for footnote. When you mouse hover the footnote&lt;sup id=&#34;fnref:1&#34;&gt;&lt;a href=&#34;#fn:1&#34; class=&#34;footnote-ref&#34; role=&#34;doc-noteref&#34;&gt;1&lt;/a&gt;&lt;/sup&gt; , footnote content will be displayed.&lt;/p&gt;</description>
    </item>
    
  </channel>
</rss>