<?xml version="1.0" encoding="utf-8" standalone="yes"?>
<rss version="2.0" xmlns:atom="http://www.w3.org/2005/Atom">
  <channel>
    <title>Posts on 小登笔记</title>
    <link>http://www.964813.xyz/zh-cn/post/</link>
    <description>Recent content in Posts on 小登笔记</description>
    <generator>Hugo -- gohugo.io</generator>
    <copyright> 小登纪  | &lt;a href=http://www.964813.xyz/sitemap.xml&gt;网站地图&lt;/a&gt; | &lt;a href=mailto:lmg_bit@163.com&gt;给我邮件&lt;/a&gt; | &lt;a href=http://www.964813.xyz/index.xml&gt;RSS&lt;/a&gt;</copyright>
    <lastBuildDate>Fri, 21 Feb 2020 13:16:48 -0800</lastBuildDate>
    
	<atom:link href="http://www.964813.xyz/zh-cn/post/index.xml" rel="self" type="application/rss+xml" />
    
    
    <item>
      <title>关于jane主题</title>
      <link>http://www.964813.xyz/zh-cn/post/about_jane/</link>
      <pubDate>Wed, 19 Feb 2020 13:16:48 -0800</pubDate>
      
      <guid>http://www.964813.xyz/zh-cn/post/about_jane/</guid>
      <description>修改jane事项 有关jane主题的一些使用事项： 1.config里启用不蒜子后，最下面数值很大，不是从零开始的。（后记：生成public后传</description>
    </item>
    
    <item>
      <title>安装完 Debian 10 后要做的事</title>
      <link>http://www.964813.xyz/zh-cn/post/debian_10after/</link>
      <pubDate>Thu, 06 Feb 2020 13:16:48 -0800</pubDate>
      
      <guid>http://www.964813.xyz/zh-cn/post/debian_10after/</guid>
      <description>Debian 10，代号「Buster」，包含了很多特色功能。如果你最近尝试在你的电脑上安装了 Debian 10，安装之后不知道下一步怎么做，本教程可以做为一个参考</description>
    </item>
    
    <item>
      <title>现在</title>
      <link>http://www.964813.xyz/zh-cn/post/now/</link>
      <pubDate>Fri, 21 Feb 2020 13:16:48 -0800</pubDate>
      
      <guid>http://www.964813.xyz/zh-cn/post/now/</guid>
      <description>What I’m doing now我现在在做什么 焦点 嗯，这就是元答案。在我的生活中，有时候我的头抬起头，环顾四周。还有，当我低头的时候。 现在，我完全低下了头，</description>
    </item>
    
    <item>
      <title>已备案个人网站如何控制内容</title>
      <link>http://www.964813.xyz/zh-cn/post/website_content/</link>
      <pubDate>Wed, 19 Feb 2020 13:16:48 -0800</pubDate>
      
      <guid>http://www.964813.xyz/zh-cn/post/website_content/</guid>
      <description>已备案个人网站如何控制内容： 不控制网站内容可能会被注销备案 1.控制页面内容，不要出现违法关键词（bo ke要改成Blog），个人北岸不能做bo</description>
    </item>
    
    <item>
      <title>变换笑脸的杯子</title>
      <link>http://www.964813.xyz/zh-cn/post/artl_cfc/</link>
      <pubDate>Tue, 18 Feb 2020 13:16:48 -0800</pubDate>
      
      <guid>http://www.964813.xyz/zh-cn/post/artl_cfc/</guid>
      <description>概述 艺象标美术网上课程：制作能变换笑脸的杯子. 制作者：艺术家李元、艺术家王思媛 图示 作品展示： 摆成心形的两人与作品的展示. （图片经过WEBP有</description>
    </item>
    
    <item>
      <title>使用HUGO更新网站</title>
      <link>http://www.964813.xyz/zh-cn/post/hugo_write/</link>
      <pubDate>Tue, 18 Feb 2020 16:01:23 +0800</pubDate>
      
      <guid>http://www.964813.xyz/zh-cn/post/hugo_write/</guid>
      <description>使用HUGO更新网站 我使用HUGO更新网站，流程是复杂的，就是因为不会写代码，所以很麻烦，如果有好心人介绍一些简单的方法，那会万分感谢了。 打</description>
    </item>
    
    <item>
      <title>愿望清单</title>
      <link>http://www.964813.xyz/zh-cn/post/will/</link>
      <pubDate>Tue, 18 Feb 2020 16:01:23 +0800</pubDate>
      
      <guid>http://www.964813.xyz/zh-cn/post/will/</guid>
      <description>我的愿望清单： 买个笔记本:X230 I5 ssd // matebook 14//macbook air🐕 IPHONE7 ipad kindle 群晖 BMW //audi 管理一个个人网站 要去的地方：1.国内：维也纳、敦煌、兵马俑、俪江、哈尔滨的</description>
    </item>
    
    <item>
      <title>版权声明</title>
      <link>http://www.964813.xyz/zh-cn/post/copyright/</link>
      <pubDate>Tue, 18 Feb 2020 16:01:23 +0800</pubDate>
      
      <guid>http://www.964813.xyz/zh-cn/post/copyright/</guid>
      <description>署名-非商业性使用-禁止演绎 4.0 国际 (CC BY-NC-ND 4.0) 这是一份普通人可以理解的许可协议概要 (但不是替代) 。 免责声明. 您可以自由地： 共享 — 在任何媒介以任何形</description>
    </item>
    
    <item>
      <title>hugo网站速度优化</title>
      <link>http://www.964813.xyz/zh-cn/post/hugo_pagespeed/</link>
      <pubDate>Thu, 30 Jan 2020 13:16:48 -0800</pubDate>
      
      <guid>http://www.964813.xyz/zh-cn/post/hugo_pagespeed/</guid>
      <description>from GTmetrix PageSpeed: Leverage browser caching Overview Page load times can be significantly improved by asking visitors to save and reuse the files included in your website. Reduces page load times for repeat visitors Particularly effective on websites where users regularly re-visit the same areas of the website Benefit-cost ratio: high Access needed General guidelines for setting expiries: Truly static content (global CSS styles, logos, etc.) - access plus 1</description>
    </item>
    
    <item>
      <title>要封城了，提前买点什么</title>
      <link>http://www.964813.xyz/zh-cn/post/closecitybuy/</link>
      <pubDate>Thu, 23 Jan 2020 13:16:48 -0800</pubDate>
      
      <guid>http://www.964813.xyz/zh-cn/post/closecitybuy/</guid>
      <description>要封城了，提前买点什么 口罩 面包 方便面、挂面 纸巾 纯净水 油、盐 蔬菜、猪肉、鸡蛋及鱼类</description>
    </item>
    
    <item>
      <title>F70AR</title>
      <link>http://www.964813.xyz/zh-cn/post/f70ar/</link>
      <pubDate>Wed, 01 Jan 2020 13:16:48 -0800</pubDate>
      
      <guid>http://www.964813.xyz/zh-cn/post/f70ar/</guid>
      <description>F70AR光纤放大器的调节和设定 0x00 原理 先介绍反射式光纤和对照式光纤的工件原理: 反射式光纤:内有两根管子,一根为发射管1,另一根为接受管2,当</description>
    </item>
    
    <item>
      <title>THN面试</title>
      <link>http://www.964813.xyz/zh-cn/post/interview_thn/</link>
      <pubDate>Mon, 23 Dec 2019 13:16:48 -0800</pubDate>
      
      <guid>http://www.964813.xyz/zh-cn/post/interview_thn/</guid>
      <description>面试概述： 面试人员：zhou总经理、cui厂长 面试问题： 坚持原则吗？需要必须坚持原则，出现问题要停线； 每一个工厂，都做了什么，有哪些成果，学</description>
    </item>
    
    <item>
      <title>个人网站注意事项</title>
      <link>http://www.964813.xyz/zh-cn/post/website_note/</link>
      <pubDate>Thu, 12 Dec 2019 13:16:48 -0800</pubDate>
      
      <guid>http://www.964813.xyz/zh-cn/post/website_note/</guid>
      <description>注意NOTE： 1.个人备案网站：无搜索，无下载，无订阅，无评论，无登录、无注册，不能有互动、交流、留言板功能，不能有友情链接 2.网站内容：需</description>
    </item>
    
    <item>
      <title>菜谱</title>
      <link>http://www.964813.xyz/zh-cn/post/recipe/</link>
      <pubDate>Thu, 12 Dec 2019 16:01:23 +0800</pubDate>
      
      <guid>http://www.964813.xyz/zh-cn/post/recipe/</guid>
      <description>这个页面纪录一些我做菜的菜谱。 S 蒜蓉粉丝扇贝 用料 扇贝肉、龙口粉丝 姜、蒜、小米椒、芹菜杆 油、蚝油、生抽、料酒 做法 1.扇贝肉（如果扇贝肉是冰冻的</description>
    </item>
    
    <item>
      <title>gallery1图片测试</title>
      <link>http://www.964813.xyz/zh-cn/post/gallery1/</link>
      <pubDate>Tue, 06 Mar 2018 16:01:23 +0800</pubDate>
      
      <guid>http://www.964813.xyz/zh-cn/post/gallery1/</guid>
      <description>主题预览,内容有待填充。 1 0fd56fa2 Mmexport1531741953691</description>
    </item>
    
    <item>
      <title>Jane Theme Preview主题预览</title>
      <link>http://www.964813.xyz/zh-cn/post/jane-theme-preview/</link>
      <pubDate>Tue, 06 Mar 2018 16:01:23 +0800</pubDate>
      
      <guid>http://www.964813.xyz/zh-cn/post/jane-theme-preview/</guid>
      <description>主题预览,内容有待填充。</description>
    </item>
    
  </channel>
</rss>