<?xml version="1.0" encoding="utf-8" standalone="yes"?>
<rss version="2.0" xmlns:atom="http://www.w3.org/2005/Atom">
  <channel>
    <title>Will on DEN&#39;S NOTE</title>
    <link>http://www.964813.xyz/tags/will/</link>
    <description>Recent content in Will on DEN&#39;S NOTE</description>
    <generator>Hugo -- gohugo.io</generator>
    <copyright> 小登纪  | &lt;a href=http://www.964813.xyz/sitemap.xml&gt;网站地图&lt;/a&gt; | &lt;a href=mailto:lmg_bit@163.com&gt;给我邮件&lt;/a&gt; | &lt;a href=http://www.964813.xyz/index.xml&gt;RSS&lt;/a&gt;</copyright>
    <lastBuildDate>Tue, 18 Feb 2020 16:01:23 +0800</lastBuildDate>
    
	<atom:link href="http://www.964813.xyz/tags/will/index.xml" rel="self" type="application/rss+xml" />
    
    
    <item>
      <title>Will List</title>
      <link>http://www.964813.xyz/post/will/</link>
      <pubDate>Tue, 18 Feb 2020 16:01:23 +0800</pubDate>
      
      <guid>http://www.964813.xyz/post/will/</guid>
      <description>我的愿望清单： 买个笔记本:X230 I5 ssd // matebook 14//macbook air🐕 IPHONE7 ipad kindle 群晖 BMW //audi 管理一个个人网站 要去的地方：1.国内：维也纳、敦煌、兵马俑、俪江、哈尔滨的</description>
    </item>
    
  </channel>
</rss>