<?xml version="1.0" encoding="utf-8" standalone="yes"?>
<rss version="2.0" xmlns:atom="http://www.w3.org/2005/Atom">
  <channel>
    <title>Who on 小登笔记</title>
    <link>http://www.964813.xyz/zh-cn/categories/who/</link>
    <description>Recent content in Who on 小登笔记</description>
    <generator>Hugo -- gohugo.io</generator>
    <copyright> 小登纪  | &lt;a href=http://www.964813.xyz/sitemap.xml&gt;网站地图&lt;/a&gt; | &lt;a href=mailto:lmg_bit@163.com&gt;给我邮件&lt;/a&gt; | &lt;a href=http://www.964813.xyz/index.xml&gt;RSS&lt;/a&gt;</copyright>
    <lastBuildDate>Fri, 21 Feb 2020 13:16:48 -0800</lastBuildDate>
    
	<atom:link href="http://www.964813.xyz/zh-cn/categories/who/index.xml" rel="self" type="application/rss+xml" />
    
    
    <item>
      <title>现在</title>
      <link>http://www.964813.xyz/zh-cn/post/now/</link>
      <pubDate>Fri, 21 Feb 2020 13:16:48 -0800</pubDate>
      
      <guid>http://www.964813.xyz/zh-cn/post/now/</guid>
      <description>What I’m doing now我现在在做什么 焦点 嗯，这就是元答案。在我的生活中，有时候我的头抬起头，环顾四周。还有，当我低头的时候。 现在，我完全低下了头，</description>
    </item>
    
    <item>
      <title>联络</title>
      <link>http://www.964813.xyz/zh-cn/contact/</link>
      <pubDate>Fri, 21 Feb 2020 13:16:48 -0800</pubDate>
      
      <guid>http://www.964813.xyz/zh-cn/contact/</guid>
      <description>Contact lmg_bit@163.com ​ I love hearing from people, so please email me at lmg_bit@163.com and introduce yourself. ​ Why? For two reasons: ​ I love getting to know people around the world. (Many of my best friends and even great loves are people who I met when they emailed to introduce themselves.) ​ Because I know a lot of people, I can help connect you with someone you should meet.</description>
    </item>
    
    <item>
      <title>变换笑脸的杯子</title>
      <link>http://www.964813.xyz/zh-cn/post/artl_cfc/</link>
      <pubDate>Tue, 18 Feb 2020 13:16:48 -0800</pubDate>
      
      <guid>http://www.964813.xyz/zh-cn/post/artl_cfc/</guid>
      <description>概述 艺象标美术网上课程：制作能变换笑脸的杯子. 制作者：艺术家李元、艺术家王思媛 图示 作品展示： 摆成心形的两人与作品的展示. （图片经过WEBP有</description>
    </item>
    
    <item>
      <title>愿望清单</title>
      <link>http://www.964813.xyz/zh-cn/post/will/</link>
      <pubDate>Tue, 18 Feb 2020 16:01:23 +0800</pubDate>
      
      <guid>http://www.964813.xyz/zh-cn/post/will/</guid>
      <description>我的愿望清单： 买个笔记本:X230 I5 ssd // matebook 14//macbook air🐕 IPHONE7 ipad kindle 群晖 BMW //audi 管理一个个人网站 要去的地方：1.国内：维也纳、敦煌、兵马俑、俪江、哈尔滨的</description>
    </item>
    
    <item>
      <title>菜谱</title>
      <link>http://www.964813.xyz/zh-cn/post/recipe/</link>
      <pubDate>Thu, 12 Dec 2019 16:01:23 +0800</pubDate>
      
      <guid>http://www.964813.xyz/zh-cn/post/recipe/</guid>
      <description>这个页面纪录一些我做菜的菜谱。 S 蒜蓉粉丝扇贝 用料 扇贝肉、龙口粉丝 姜、蒜、小米椒、芹菜杆 油、蚝油、生抽、料酒 做法 1.扇贝肉（如果扇贝肉是冰冻的</description>
    </item>
    
  </channel>
</rss>