<?xml version="1.0" encoding="utf-8" standalone="yes"?>
<rss version="2.0" xmlns:atom="http://www.w3.org/2005/Atom">
  <channel>
    <title>Who on DEN&#39;S NOTE</title>
    <link>http://www.964813.xyz/categories/who/</link>
    <description>Recent content in Who on DEN&#39;S NOTE</description>
    <generator>Hugo -- gohugo.io</generator>
    <copyright> 小登纪  | &lt;a href=http://www.964813.xyz/sitemap.xml&gt;网站地图&lt;/a&gt; | &lt;a href=mailto:lmg_bit@163.com&gt;给我邮件&lt;/a&gt; | &lt;a href=http://www.964813.xyz/index.xml&gt;RSS&lt;/a&gt;</copyright>
    <lastBuildDate>Fri, 21 Feb 2020 13:16:48 -0800</lastBuildDate>
    
	<atom:link href="http://www.964813.xyz/categories/who/index.xml" rel="self" type="application/rss+xml" />
    
    
    <item>
      <title>Contact</title>
      <link>http://www.964813.xyz/contact/</link>
      <pubDate>Fri, 21 Feb 2020 13:16:48 -0800</pubDate>
      
      <guid>http://www.964813.xyz/contact/</guid>
      <description>Contact lmg_bit@163.com ​	I love hearing from people, so please email me at lmg_bit@163.com and introduce yourself.
​	Why? For two reasons:
 ​	I love getting to know people around the world. (Many of my best friends and even great loves are people who I met when they emailed to introduce themselves.) ​	Because I know a lot of people, I can help connect you with someone you should meet.</description>
    </item>
    
    <item>
      <title>Now</title>
      <link>http://www.964813.xyz/post/now/</link>
      <pubDate>Fri, 21 Feb 2020 13:16:48 -0800</pubDate>
      
      <guid>http://www.964813.xyz/post/now/</guid>
      <description>What I’m doing now Focusing Well, that’s the meta-answer. There are times in my life when my head is up, looking around. And times when my head is down. Right now I’m completely head-down and focused. Not even reading. Just programming and writing every hour I’m awake. All work. No play. Except when I’m with my son.</description>
    </item>
    
    <item>
      <title>How to change or build your career</title>
      <link>http://www.964813.xyz/post/career/</link>
      <pubDate>Thu, 20 Feb 2020 13:16:48 -0800</pubDate>
      
      <guid>http://www.964813.xyz/post/career/</guid>
      <description>I get emails from many people wanting to change or build their career. I always recommend the best book on the subject: “So Good They Can’t Ignore You” by Cal Newport. Here are a few of its best points:
Forget passion and purpose ​	Forget “follow your passion” or “find your true calling”. Stop thinking like that. Here’s why:
​	Words like “passion” and “purpose” are dangerous because they sound huge and romantic.</description>
    </item>
    
    <item>
      <title>Will List</title>
      <link>http://www.964813.xyz/post/will/</link>
      <pubDate>Tue, 18 Feb 2020 16:01:23 +0800</pubDate>
      
      <guid>http://www.964813.xyz/post/will/</guid>
      <description>我的愿望清单： 买个笔记本:X230 I5 ssd // matebook 14//macbook air🐕 IPHONE7 ipad kindle 群晖 BMW //audi 管理一个个人网站 要去的地方：1.国内：维也纳、敦煌、兵马俑、俪江、哈尔滨的</description>
    </item>
    
  </channel>
</rss>