<?xml version="1.0" encoding="utf-8" standalone="yes"?>
<rss version="2.0" xmlns:atom="http://www.w3.org/2005/Atom">
  <channel>
    <title>index on DEN&#39;S NOTE</title>
    <link>http://www.964813.xyz/categories/index/</link>
    <description>Recent content in index on DEN&#39;S NOTE</description>
    <generator>Hugo -- gohugo.io</generator>
    <copyright> 小登纪  | &lt;a href=http://www.964813.xyz/sitemap.xml&gt;网站地图&lt;/a&gt; | &lt;a href=mailto:lmg_bit@163.com&gt;给我邮件&lt;/a&gt; | &lt;a href=http://www.964813.xyz/index.xml&gt;RSS&lt;/a&gt;</copyright>
    <lastBuildDate>Mon, 04 Mar 2019 16:01:23 +0800</lastBuildDate>
    
	<atom:link href="http://www.964813.xyz/categories/index/index.xml" rel="self" type="application/rss+xml" />
    
    
    <item>
      <title>Math Preview</title>
      <link>http://www.964813.xyz/post/math-preview/</link>
      <pubDate>Mon, 04 Mar 2019 16:01:23 +0800</pubDate>
      
      <guid>http://www.964813.xyz/post/math-preview/</guid>
      <description>&lt;p&gt;&lt;a href=&#34;https://www.intmath.com/cg5/katex-mathjax-comparison.php&#34;&gt;KaTeX and MathJax Comparison Demo, currently processed as KaTex&lt;/a&gt;&lt;/p&gt;</description>
    </item>
    
    <item>
      <title>gallery1</title>
      <link>http://www.964813.xyz/post/gallery1/</link>
      <pubDate>Tue, 06 Mar 2018 16:01:23 +0800</pubDate>
      
      <guid>http://www.964813.xyz/post/gallery1/</guid>
      <description>201807
0fd56fa2
Mmexport1531741953691
</description>
    </item>
    
    <item>
      <title>gallery21</title>
      <link>http://www.964813.xyz/post/gallery2/</link>
      <pubDate>Tue, 06 Mar 2018 16:01:23 +0800</pubDate>
      
      <guid>http://www.964813.xyz/post/gallery2/</guid>
      <description>201807
0fd56fa2
Mmexport1531741953691
</description>
    </item>
    
    <item>
      <title>gallery3</title>
      <link>http://www.964813.xyz/post/gallery3/</link>
      <pubDate>Tue, 06 Mar 2018 16:01:23 +0800</pubDate>
      
      <guid>http://www.964813.xyz/post/gallery3/</guid>
      <description>201807</description>
    </item>
    
    <item>
      <title>Shortcodes Preview</title>
      <link>http://www.964813.xyz/post/shortcodes-preview/</link>
      <pubDate>Sun, 04 Mar 2018 16:01:23 +0800</pubDate>
      
      <guid>http://www.964813.xyz/post/shortcodes-preview/</guid>
      <description>&lt;h2 id=&#34;what-a-shortcode-is&#34;&gt;What a Shortcode is&lt;/h2&gt;
&lt;p&gt;Hugo loves Markdown because of its simple content format, but there are times when Markdown falls short. Often, content authors are forced to add raw HTML (e.g., video &lt;code&gt;&amp;lt;iframes&amp;gt;&lt;/code&gt;) to Markdown content. We think this contradicts the beautiful simplicity of Markdown&amp;rsquo;s syntax.&lt;/p&gt;
&lt;p&gt;Hugo created &lt;strong&gt;shortcodes&lt;/strong&gt; to circumvent these limitations.&lt;/p&gt;
&lt;p&gt;A shortcode is a simple snippet inside a content file that Hugo will render using a predefined template. Note that shortcodes will not work in template files. If you need the type of drop-in functionality that shortcodes provide but in a template, you most likely want a [partial template][/post/will] instead.&lt;/p&gt;
&lt;p&gt;In addition to cleaner Markdown, shortcodes can be updated any time to reflect new classes, techniques, or standards. At the point of site generation, Hugo shortcodes will easily merge in your changes. You avoid a possibly complicated search and replace operation.&lt;/p&gt;
&lt;p&gt;More details: &lt;a href=&#34;https://gohugo.io/content-management/shortcodes/&#34;&gt;https://gohugo.io/content-management/shortcodes/&lt;/a&gt;&lt;/p&gt;</description>
    </item>
    
    <item>
      <title>Image Preview</title>
      <link>http://www.964813.xyz/post/image-preview/</link>
      <pubDate>Sat, 03 Mar 2018 16:01:23 +0800</pubDate>
      
      <guid>http://www.964813.xyz/post/image-preview/</guid>
      <description>&lt;p&gt;Thanks for &lt;a href=&#34;http://www.964813.xyz/post/&#34;&gt;liwenyip/hugo-easy-gallery&lt;/a&gt; &amp;amp; &lt;a href=&#34;http://www.964813.xyz/post/&#34;&gt;Zebradil · Pull Request #48&lt;/a&gt; .&lt;/p&gt;
&lt;p&gt;Now, we could use &lt;code&gt;{{&amp;lt; gallery &amp;gt;}}&lt;/code&gt; shortcode in hugo-theme-jane.&lt;/p&gt;
&lt;h2 id=&#34;normal-image&#34;&gt;Normal Image&lt;/h2&gt;
&lt;p&gt;This is an image in &lt;code&gt;static/image&lt;/code&gt; folder.&lt;/p&gt;
&lt;div class=&#34;highlight&#34;&gt;&lt;div class=&#34;chroma&#34;&gt;
&lt;table class=&#34;lntable&#34;&gt;&lt;tr&gt;&lt;td class=&#34;lntd&#34;&gt;
&lt;pre class=&#34;chroma&#34;&gt;&lt;code&gt;&lt;span class=&#34;lnt&#34;&gt;1
&lt;/span&gt;&lt;/code&gt;&lt;/pre&gt;&lt;/td&gt;
&lt;td class=&#34;lntd&#34;&gt;
&lt;pre class=&#34;chroma&#34;&gt;&lt;code class=&#34;language-markdown&#34; data-lang=&#34;markdown&#34;&gt;![&lt;span class=&#34;nt&#34;&gt;This is an image in `static/image` folder.&lt;/span&gt;](&lt;span class=&#34;na&#34;&gt;/image/example.jpg&lt;/span&gt;)
&lt;/code&gt;&lt;/pre&gt;&lt;/td&gt;&lt;/tr&gt;&lt;/table&gt;
&lt;/div&gt;
&lt;/div&gt;</description>
    </item>
    
    <item>
      <title>Shortcodes Notice Preview</title>
      <link>http://www.964813.xyz/post/shortcode-notice/</link>
      <pubDate>Sat, 03 Mar 2018 16:01:23 +0800</pubDate>
      
      <guid>http://www.964813.xyz/post/shortcode-notice/</guid>
      <description>normal use Note example: 1 2 3 {{% notice note %}} A notice disclaimer {{% /notice %}} Result: note A notice disclaimer You could custom title : 1 2 3 {{% notice note 笔记 %}} A notice disclaimer {{% /notice %}} 笔记 A notice disclaimer tip 1 2 3 {{% notice tip %}} A tip disclaimer {{% /tip %}} tip A tip disclaimer info 1 2 3 {{%</description>
    </item>
    
    <item>
      <title>Jane-Theme Footnote Preview</title>
      <link>http://www.964813.xyz/post/doc-footnote-preview/</link>
      <pubDate>Thu, 01 Mar 2018 16:01:23 +0800</pubDate>
      
      <guid>http://www.964813.xyz/post/doc-footnote-preview/</guid>
      <description>&lt;p&gt;Hugo-theme-jane optimized for footnote. When you mouse hover the footnote&lt;sup id=&#34;fnref:1&#34;&gt;&lt;a href=&#34;#fn:1&#34; class=&#34;footnote-ref&#34; role=&#34;doc-noteref&#34;&gt;1&lt;/a&gt;&lt;/sup&gt; , footnote content will be displayed.&lt;/p&gt;</description>
    </item>
    
    <item>
      <title>Jane Theme Preview</title>
      <link>http://www.964813.xyz/post/jane-theme-preview/</link>
      <pubDate>Mon, 01 Jan 2018 16:01:23 +0800</pubDate>
      
      <guid>http://www.964813.xyz/post/jane-theme-preview/</guid>
      <description>&lt;p&gt;&lt;strong&gt;Markdown&lt;/strong&gt; is created by &lt;a href=&#34;http://daringfireball.net/&#34;&gt;Daring Fireball&lt;/a&gt;, the original guideline is &lt;a href=&#34;http://daringfireball.net/projects/markdown/syntax&#34;&gt;here&lt;/a&gt;. Its syntax, however, varies between different parsers or editors.&lt;/p&gt;
&lt;p&gt;Please note that HTML fragments in markdown source will be recognized but not parsed or rendered. Also, there may be small reformatting on the original markdown source code after saving.&lt;/p&gt;</description>
    </item>
    
    <item>
      <title>English Creating a New Theme</title>
      <link>http://www.964813.xyz/post/english-preview/</link>
      <pubDate>Thu, 31 Aug 2017 15:43:48 +0800</pubDate>
      
      <guid>http://www.964813.xyz/post/english-preview/</guid>
      <description>&lt;h2 id=&#34;introduction&#34;&gt;Introduction&lt;/h2&gt;
&lt;p&gt;This tutorial will show you how to create a simple theme in Hugo. I assume that you are familiar with HTML, the bash command line, and that you are comfortable using Markdown to format content. I&amp;rsquo;ll explain how Hugo uses templates and how you can organize your templates to create a theme. I won&amp;rsquo;t cover using CSS to style your theme.&lt;/p&gt;</description>
    </item>
    
    <item>
      <title>This is a very long title This is a very long title This is a very long title This is a very long title This is a very long title</title>
      <link>http://www.964813.xyz/post/this-is-a-very-long-title/</link>
      <pubDate>Wed, 30 Aug 2017 15:43:48 +0800</pubDate>
      
      <guid>http://www.964813.xyz/post/this-is-a-very-long-title/</guid>
      <description>This is a very long titleThis is a very long titleThis is a very long titleThis is a very long titleThis is a very long titleThis is a very long titleThis is a very long titleThis is a very long titleThis is a very long titleThis is a very long titleThis is a very long titleThis is a very long titleThis is a very long titleThis is a very long titleThis is a very long titleThis is a very long titleThis is a very long titleThis is a very long titleThis is a very long titleThis is a very long titleThis is a very long titleThis is a very long titleThis is a very long titleThis is a very long titleThis is a very long titleThis is a very long titleThis is a very long titleThis is a very long titleThis is a very long titleThis is a very long titleThis is a very long titleThis is a very long titleThis is a very long titleThis is a very long titleThis is a very long titleThis is a very long titleThis is a very long titleThis is a very long titleThis is a very long titleThis is a very long titleThis is a very long titleThis is a very long titleThis is a very long titleThis is a very long titleThis is a very long titleThis is a very long titleThis is a very long titleThis is a very long titleThis is a very long title</description>
    </item>
    
    <item>
      <title>Creating a New Theme</title>
      <link>http://www.964813.xyz/post/creating-a-new-theme/</link>
      <pubDate>Sun, 28 Sep 2014 00:00:00 +0000</pubDate>
      
      <guid>http://www.964813.xyz/post/creating-a-new-theme/</guid>
      <description>Introduction This tutorial will show you how to create a simple theme in Hugo. I assume that you are familiar with HTML, the bash command line, and that you are comfortable using Markdown to format content. I&amp;rsquo;ll explain how Hugo uses templates and how you can organize your templates to create a theme. I won&amp;rsquo;t cover using CSS to style your theme.
We&amp;rsquo;ll start with creating a new site with a very basic template.</description>
    </item>
    
    <item>
      <title>(Hu)go Template Primer</title>
      <link>http://www.964813.xyz/post/goisforlovers/</link>
      <pubDate>Wed, 02 Apr 2014 00:00:00 +0000</pubDate>
      
      <guid>http://www.964813.xyz/post/goisforlovers/</guid>
      <description>Hugo uses the excellent go /post/will library for its template engine. It is an extremely lightweight engine that provides a very small amount of logic. In our experience that it is just the right amount of logic to be able to create a good static website. If you have used other template systems from different languages or frameworks you will find a lot of similarities in go templates.
This document is a brief primer on using go templates.</description>
    </item>
    
    <item>
      <title>Syntax Highlighting</title>
      <link>http://www.964813.xyz/post/syntax-highlighting/</link>
      <pubDate>Tue, 30 Aug 2011 16:01:23 +0800</pubDate>
      
      <guid>http://www.964813.xyz/post/syntax-highlighting/</guid>
      <description>&lt;p&gt;More detail: &lt;a href=&#34;https://gohugo.io/content-management/syntax-highlighting/&#34;&gt;Syntax Highlighting | Hugo&lt;/a&gt;&lt;/p&gt;
&lt;div class=&#34;highlight&#34;&gt;&lt;div class=&#34;chroma&#34;&gt;
&lt;table class=&#34;lntable&#34;&gt;&lt;tr&gt;&lt;td class=&#34;lntd&#34;&gt;
&lt;pre class=&#34;chroma&#34;&gt;&lt;code&gt;&lt;span class=&#34;lnt&#34;&gt;1
&lt;/span&gt;&lt;span class=&#34;lnt&#34;&gt;2
&lt;/span&gt;&lt;span class=&#34;lnt&#34;&gt;3
&lt;/span&gt;&lt;/code&gt;&lt;/pre&gt;&lt;/td&gt;
&lt;td class=&#34;lntd&#34;&gt;
&lt;pre class=&#34;chroma&#34;&gt;&lt;code class=&#34;language-js&#34; data-lang=&#34;js&#34;&gt;&lt;span class=&#34;kd&#34;&gt;function&lt;/span&gt; &lt;span class=&#34;nx&#34;&gt;helloWorld&lt;/span&gt; &lt;span class=&#34;p&#34;&gt;(&lt;/span&gt;&lt;span class=&#34;p&#34;&gt;)&lt;/span&gt; &lt;span class=&#34;p&#34;&gt;{&lt;/span&gt;
  &lt;span class=&#34;nx&#34;&gt;alert&lt;/span&gt;&lt;span class=&#34;p&#34;&gt;(&lt;/span&gt;&lt;span class=&#34;s2&#34;&gt;&amp;#34;Hello, World!&amp;#34;&lt;/span&gt;&lt;span class=&#34;p&#34;&gt;)&lt;/span&gt;
&lt;span class=&#34;p&#34;&gt;}&lt;/span&gt;
&lt;/code&gt;&lt;/pre&gt;&lt;/td&gt;&lt;/tr&gt;&lt;/table&gt;
&lt;/div&gt;
&lt;/div&gt;</description>
    </item>
    
  </channel>
</rss>