<?xml version="1.0" encoding="utf-8" standalone="yes"?>
<rss version="2.0" xmlns:atom="http://www.w3.org/2005/Atom">
  <channel>
    <title>We on 小登笔记</title>
    <link>http://www.964813.xyz/zh-cn/tags/we/</link>
    <description>Recent content in We on 小登笔记</description>
    <generator>Hugo -- gohugo.io</generator>
    <copyright> 小登纪  | &lt;a href=http://www.964813.xyz/sitemap.xml&gt;网站地图&lt;/a&gt; | &lt;a href=mailto:lmg_bit@163.com&gt;给我邮件&lt;/a&gt; | &lt;a href=http://www.964813.xyz/index.xml&gt;RSS&lt;/a&gt;</copyright>
    <lastBuildDate>Fri, 21 Feb 2020 13:16:48 -0800</lastBuildDate>
    
	<atom:link href="http://www.964813.xyz/zh-cn/tags/we/index.xml" rel="self" type="application/rss+xml" />
    
    
    <item>
      <title>现在</title>
      <link>http://www.964813.xyz/zh-cn/post/now/</link>
      <pubDate>Fri, 21 Feb 2020 13:16:48 -0800</pubDate>
      
      <guid>http://www.964813.xyz/zh-cn/post/now/</guid>
      <description>What I’m doing now我现在在做什么 焦点 嗯，这就是元答案。在我的生活中，有时候我的头抬起头，环顾四周。还有，当我低头的时候。 现在，我完全低下了头，</description>
    </item>
    
    <item>
      <title>联络</title>
      <link>http://www.964813.xyz/zh-cn/contact/</link>
      <pubDate>Fri, 21 Feb 2020 13:16:48 -0800</pubDate>
      
      <guid>http://www.964813.xyz/zh-cn/contact/</guid>
      <description>Contact lmg_bit@163.com ​ I love hearing from people, so please email me at lmg_bit@163.com and introduce yourself. ​ Why? For two reasons: ​ I love getting to know people around the world. (Many of my best friends and even great loves are people who I met when they emailed to introduce themselves.) ​ Because I know a lot of people, I can help connect you with someone you should meet.</description>
    </item>
    
    <item>
      <title>菜谱</title>
      <link>http://www.964813.xyz/zh-cn/post/recipe/</link>
      <pubDate>Thu, 12 Dec 2019 16:01:23 +0800</pubDate>
      
      <guid>http://www.964813.xyz/zh-cn/post/recipe/</guid>
      <description>这个页面纪录一些我做菜的菜谱。 S 蒜蓉粉丝扇贝 用料 扇贝肉、龙口粉丝 姜、蒜、小米椒、芹菜杆 油、蚝油、生抽、料酒 做法 1.扇贝肉（如果扇贝肉是冰冻的</description>
    </item>
    
  </channel>
</rss>