<?xml version="1.0" encoding="utf-8" standalone="yes"?>
<rss version="2.0" xmlns:atom="http://www.w3.org/2005/Atom">
  <channel>
    <title>En on 小登笔记</title>
    <link>http://www.964813.xyz/zh-cn/en/</link>
    <description>Recent content in En on 小登笔记</description>
    <generator>Hugo -- gohugo.io</generator>
    <copyright> 小登纪  | &lt;a href=http://www.964813.xyz/sitemap.xml&gt;网站地图&lt;/a&gt; | &lt;a href=mailto:lmg_bit@163.com&gt;给我邮件&lt;/a&gt; | &lt;a href=http://www.964813.xyz/index.xml&gt;RSS&lt;/a&gt;</copyright>
    
	<atom:link href="http://www.964813.xyz/zh-cn/en/index.xml" rel="self" type="application/rss+xml" />
    
    
  </channel>
</rss>