<?xml version="1.0" encoding="utf-8" standalone="yes"?>
<rss version="2.0" xmlns:atom="http://www.w3.org/2005/Atom">
  <channel>
    <title>ted on DEN&#39;S NOTE</title>
    <link>http://www.964813.xyz/author/ted/</link>
    <description>Recent content in ted on DEN&#39;S NOTE</description>
    <generator>Hugo -- gohugo.io</generator>
    <copyright> 小登纪  | &lt;a href=http://www.964813.xyz/sitemap.xml&gt;网站地图&lt;/a&gt; | &lt;a href=mailto:lmg_bit@163.com&gt;给我邮件&lt;/a&gt; | &lt;a href=http://www.964813.xyz/index.xml&gt;RSS&lt;/a&gt;</copyright>
    <lastBuildDate>Wed, 30 Aug 2017 15:43:48 +0800</lastBuildDate>
    
	<atom:link href="http://www.964813.xyz/author/ted/index.xml" rel="self" type="application/rss+xml" />
    
    
    <item>
      <title>This is a very long title This is a very long title This is a very long title This is a very long title This is a very long title</title>
      <link>http://www.964813.xyz/post/this-is-a-very-long-title/</link>
      <pubDate>Wed, 30 Aug 2017 15:43:48 +0800</pubDate>
      
      <guid>http://www.964813.xyz/post/this-is-a-very-long-title/</guid>
      <description>This is a very long titleThis is a very long titleThis is a very long titleThis is a very long titleThis is a very long titleThis is a very long titleThis is a very long titleThis is a very long titleThis is a very long titleThis is a very long titleThis is a very long titleThis is a very long titleThis is a very long titleThis is a very long titleThis is a very long titleThis is a very long titleThis is a very long titleThis is a very long titleThis is a very long titleThis is a very long titleThis is a very long titleThis is a very long titleThis is a very long titleThis is a very long titleThis is a very long titleThis is a very long titleThis is a very long titleThis is a very long titleThis is a very long titleThis is a very long titleThis is a very long titleThis is a very long titleThis is a very long titleThis is a very long titleThis is a very long titleThis is a very long titleThis is a very long titleThis is a very long titleThis is a very long titleThis is a very long titleThis is a very long titleThis is a very long titleThis is a very long titleThis is a very long titleThis is a very long titleThis is a very long titleThis is a very long titleThis is a very long titleThis is a very long title</description>
    </item>
    
  </channel>
</rss>