<?xml version="1.0" encoding="utf-8" standalone="yes"?>
<rss version="2.0" xmlns:atom="http://www.w3.org/2005/Atom">
  <channel>
    <title>李元 on 小登笔记</title>
    <link>http://www.964813.xyz/zh-cn/author/%E6%9D%8E%E5%85%83/</link>
    <description>Recent content in 李元 on 小登笔记</description>
    <generator>Hugo -- gohugo.io</generator>
    <copyright> 小登纪  | &lt;a href=http://www.964813.xyz/sitemap.xml&gt;网站地图&lt;/a&gt; | &lt;a href=mailto:lmg_bit@163.com&gt;给我邮件&lt;/a&gt; | &lt;a href=http://www.964813.xyz/index.xml&gt;RSS&lt;/a&gt;</copyright>
    <lastBuildDate>Tue, 18 Feb 2020 13:16:48 -0800</lastBuildDate>
    
	<atom:link href="http://www.964813.xyz/zh-cn/author/%E6%9D%8E%E5%85%83/index.xml" rel="self" type="application/rss+xml" />
    
    
    <item>
      <title>变换笑脸的杯子</title>
      <link>http://www.964813.xyz/zh-cn/post/artl_cfc/</link>
      <pubDate>Tue, 18 Feb 2020 13:16:48 -0800</pubDate>
      
      <guid>http://www.964813.xyz/zh-cn/post/artl_cfc/</guid>
      <description>概述 艺象标美术网上课程：制作能变换笑脸的杯子. 制作者：艺术家李元、艺术家王思媛 图示 作品展示： 摆成心形的两人与作品的展示. （图片经过WEBP有</description>
    </item>
    
  </channel>
</rss>