<?xml version="1.0" encoding="utf-8" standalone="yes"?>
<rss version="2.0" xmlns:atom="http://www.w3.org/2005/Atom">
  <channel>
    <title>Typora on DEN&#39;S NOTE</title>
    <link>http://www.964813.xyz/author/typora/</link>
    <description>Recent content in Typora on DEN&#39;S NOTE</description>
    <generator>Hugo -- gohugo.io</generator>
    <copyright> 小登纪  | &lt;a href=http://www.964813.xyz/sitemap.xml&gt;网站地图&lt;/a&gt; | &lt;a href=mailto:lmg_bit@163.com&gt;给我邮件&lt;/a&gt; | &lt;a href=http://www.964813.xyz/index.xml&gt;RSS&lt;/a&gt;</copyright>
    <lastBuildDate>Mon, 01 Jan 2018 16:01:23 +0800</lastBuildDate>
    
	<atom:link href="http://www.964813.xyz/author/typora/index.xml" rel="self" type="application/rss+xml" />
    
    
    <item>
      <title>Jane Theme Preview</title>
      <link>http://www.964813.xyz/post/jane-theme-preview/</link>
      <pubDate>Mon, 01 Jan 2018 16:01:23 +0800</pubDate>
      
      <guid>http://www.964813.xyz/post/jane-theme-preview/</guid>
      <description>&lt;p&gt;&lt;strong&gt;Markdown&lt;/strong&gt; is created by &lt;a href=&#34;http://daringfireball.net/&#34;&gt;Daring Fireball&lt;/a&gt;, the original guideline is &lt;a href=&#34;http://daringfireball.net/projects/markdown/syntax&#34;&gt;here&lt;/a&gt;. Its syntax, however, varies between different parsers or editors.&lt;/p&gt;
&lt;p&gt;Please note that HTML fragments in markdown source will be recognized but not parsed or rendered. Also, there may be small reformatting on the original markdown source code after saving.&lt;/p&gt;</description>
    </item>
    
  </channel>
</rss>