<?xml version="1.0" encoding="utf-8" standalone="yes"?>
<rss version="2.0" xmlns:atom="http://www.w3.org/2005/Atom">
  <channel>
    <title>Michael Henderson on DEN&#39;S NOTE</title>
    <link>http://www.964813.xyz/author/michael-henderson/</link>
    <description>Recent content in Michael Henderson on DEN&#39;S NOTE</description>
    <generator>Hugo -- gohugo.io</generator>
    <copyright> 小登纪  | &lt;a href=http://www.964813.xyz/sitemap.xml&gt;网站地图&lt;/a&gt; | &lt;a href=mailto:lmg_bit@163.com&gt;给我邮件&lt;/a&gt; | &lt;a href=http://www.964813.xyz/index.xml&gt;RSS&lt;/a&gt;</copyright>
    <lastBuildDate>Thu, 31 Aug 2017 15:43:48 +0800</lastBuildDate>
    
	<atom:link href="http://www.964813.xyz/author/michael-henderson/index.xml" rel="self" type="application/rss+xml" />
    
    
    <item>
      <title>English Creating a New Theme</title>
      <link>http://www.964813.xyz/post/english-preview/</link>
      <pubDate>Thu, 31 Aug 2017 15:43:48 +0800</pubDate>
      
      <guid>http://www.964813.xyz/post/english-preview/</guid>
      <description>&lt;h2 id=&#34;introduction&#34;&gt;Introduction&lt;/h2&gt;
&lt;p&gt;This tutorial will show you how to create a simple theme in Hugo. I assume that you are familiar with HTML, the bash command line, and that you are comfortable using Markdown to format content. I&amp;rsquo;ll explain how Hugo uses templates and how you can organize your templates to create a theme. I won&amp;rsquo;t cover using CSS to style your theme.&lt;/p&gt;</description>
    </item>
    
    <item>
      <title>Creating a New Theme</title>
      <link>http://www.964813.xyz/post/creating-a-new-theme/</link>
      <pubDate>Sun, 28 Sep 2014 00:00:00 +0000</pubDate>
      
      <guid>http://www.964813.xyz/post/creating-a-new-theme/</guid>
      <description>Introduction This tutorial will show you how to create a simple theme in Hugo. I assume that you are familiar with HTML, the bash command line, and that you are comfortable using Markdown to format content. I&amp;rsquo;ll explain how Hugo uses templates and how you can organize your templates to create a theme. I won&amp;rsquo;t cover using CSS to style your theme.
We&amp;rsquo;ll start with creating a new site with a very basic template.</description>
    </item>
    
  </channel>
</rss>