<?xml version="1.0" encoding="utf-8" standalone="yes"?>
<rss version="2.0" xmlns:atom="http://www.w3.org/2005/Atom">
  <channel>
    <title>Categories on DEN&#39;S NOTE</title>
    <link>http://www.964813.xyz/categories/</link>
    <description>Recent content in Categories on DEN&#39;S NOTE</description>
    <generator>Hugo -- gohugo.io</generator>
    <copyright> 小登纪  | &lt;a href=http://www.964813.xyz/sitemap.xml&gt;网站地图&lt;/a&gt; | &lt;a href=mailto:lmg_bit@163.com&gt;给我邮件&lt;/a&gt; | &lt;a href=http://www.964813.xyz/index.xml&gt;RSS&lt;/a&gt;</copyright>
    <lastBuildDate>Thu, 27 Feb 2020 13:16:48 -0800</lastBuildDate>
    
	<atom:link href="http://www.964813.xyz/categories/index.xml" rel="self" type="application/rss+xml" />
    
    
    <item>
      <title>Web</title>
      <link>http://www.964813.xyz/categories/web/</link>
      <pubDate>Thu, 27 Feb 2020 13:16:48 -0800</pubDate>
      
      <guid>http://www.964813.xyz/categories/web/</guid>
      <description></description>
    </item>
    
    <item>
      <title>Who</title>
      <link>http://www.964813.xyz/categories/who/</link>
      <pubDate>Fri, 21 Feb 2020 13:16:48 -0800</pubDate>
      
      <guid>http://www.964813.xyz/categories/who/</guid>
      <description></description>
    </item>
    
    <item>
      <title>index</title>
      <link>http://www.964813.xyz/categories/index/</link>
      <pubDate>Mon, 04 Mar 2019 16:01:23 +0800</pubDate>
      
      <guid>http://www.964813.xyz/categories/index/</guid>
      <description></description>
    </item>
    
  </channel>
</rss>