<?xml version="1.0" encoding="utf-8" standalone="yes"?>
<rss version="2.0" xmlns:atom="http://www.w3.org/2005/Atom">
  <channel>
    <title>Murray Bourne on DEN&#39;S NOTE</title>
    <link>http://www.964813.xyz/author/murray-bourne/</link>
    <description>Recent content in Murray Bourne on DEN&#39;S NOTE</description>
    <generator>Hugo -- gohugo.io</generator>
    <copyright> 小登纪  | &lt;a href=http://www.964813.xyz/sitemap.xml&gt;网站地图&lt;/a&gt; | &lt;a href=mailto:lmg_bit@163.com&gt;给我邮件&lt;/a&gt; | &lt;a href=http://www.964813.xyz/index.xml&gt;RSS&lt;/a&gt;</copyright>
    <lastBuildDate>Mon, 04 Mar 2019 16:01:23 +0800</lastBuildDate>
    
	<atom:link href="http://www.964813.xyz/author/murray-bourne/index.xml" rel="self" type="application/rss+xml" />
    
    
    <item>
      <title>Math Preview</title>
      <link>http://www.964813.xyz/post/math-preview/</link>
      <pubDate>Mon, 04 Mar 2019 16:01:23 +0800</pubDate>
      
      <guid>http://www.964813.xyz/post/math-preview/</guid>
      <description>&lt;p&gt;&lt;a href=&#34;https://www.intmath.com/cg5/katex-mathjax-comparison.php&#34;&gt;KaTeX and MathJax Comparison Demo, currently processed as KaTex&lt;/a&gt;&lt;/p&gt;</description>
    </item>
    
  </channel>
</rss>