<?xml version="1.0" encoding="utf-8" standalone="yes"?>
<rss version="2.0" xmlns:atom="http://www.w3.org/2005/Atom">
  <channel>
    <title>Tags on 小登笔记</title>
    <link>http://www.964813.xyz/zh-cn/tags/</link>
    <description>Recent content in Tags on 小登笔记</description>
    <generator>Hugo -- gohugo.io</generator>
    <copyright> 小登纪  | &lt;a href=http://www.964813.xyz/sitemap.xml&gt;网站地图&lt;/a&gt; | &lt;a href=mailto:lmg_bit@163.com&gt;给我邮件&lt;/a&gt; | &lt;a href=http://www.964813.xyz/index.xml&gt;RSS&lt;/a&gt;</copyright>
    <lastBuildDate>Fri, 21 Feb 2020 13:16:48 -0800</lastBuildDate>
    
	<atom:link href="http://www.964813.xyz/zh-cn/tags/index.xml" rel="self" type="application/rss+xml" />
    
    
    <item>
      <title>We</title>
      <link>http://www.964813.xyz/zh-cn/tags/we/</link>
      <pubDate>Fri, 21 Feb 2020 13:16:48 -0800</pubDate>
      
      <guid>http://www.964813.xyz/zh-cn/tags/we/</guid>
      <description></description>
    </item>
    
    <item>
      <title>hugo</title>
      <link>http://www.964813.xyz/zh-cn/tags/hugo/</link>
      <pubDate>Thu, 20 Feb 2020 13:16:48 -0800</pubDate>
      
      <guid>http://www.964813.xyz/zh-cn/tags/hugo/</guid>
      <description></description>
    </item>
    
    <item>
      <title>art</title>
      <link>http://www.964813.xyz/zh-cn/tags/art/</link>
      <pubDate>Tue, 18 Feb 2020 13:16:48 -0800</pubDate>
      
      <guid>http://www.964813.xyz/zh-cn/tags/art/</guid>
      <description></description>
    </item>
    
    <item>
      <title>Will</title>
      <link>http://www.964813.xyz/zh-cn/tags/will/</link>
      <pubDate>Tue, 18 Feb 2020 16:01:23 +0800</pubDate>
      
      <guid>http://www.964813.xyz/zh-cn/tags/will/</guid>
      <description></description>
    </item>
    
    <item>
      <title>debian</title>
      <link>http://www.964813.xyz/zh-cn/tags/debian/</link>
      <pubDate>Thu, 06 Feb 2020 13:16:48 -0800</pubDate>
      
      <guid>http://www.964813.xyz/zh-cn/tags/debian/</guid>
      <description></description>
    </item>
    
    <item>
      <title>knowledge</title>
      <link>http://www.964813.xyz/zh-cn/tags/knowledge/</link>
      <pubDate>Thu, 23 Jan 2020 13:16:48 -0800</pubDate>
      
      <guid>http://www.964813.xyz/zh-cn/tags/knowledge/</guid>
      <description></description>
    </item>
    
    <item>
      <title>equipment</title>
      <link>http://www.964813.xyz/zh-cn/tags/equipment/</link>
      <pubDate>Wed, 01 Jan 2020 13:16:48 -0800</pubDate>
      
      <guid>http://www.964813.xyz/zh-cn/tags/equipment/</guid>
      <description></description>
    </item>
    
    <item>
      <title>inteview</title>
      <link>http://www.964813.xyz/zh-cn/tags/inteview/</link>
      <pubDate>Mon, 23 Dec 2019 13:16:48 -0800</pubDate>
      
      <guid>http://www.964813.xyz/zh-cn/tags/inteview/</guid>
      <description></description>
    </item>
    
  </channel>
</rss>